Ticket id,Interaction id,Interaction date,Mailbox,Ticket Summary,Interaction content,Innso TYPOLOGY_TICKET ,Intent,Tone,Resolution,Other,Unnamed: 11,Unnamed: 12,y,combined_text
24075,67730,,support.pt@aspiegel.com,appgallery probleme und vorschläge,beschreibung update sst sich nicht installieren kontaktinformationen description update cannot be installed contact information description update cannot be installed contact information description update cannot be installed contact information,AppGallery &amp; Games / Suggestions &amp; Feedback,AppGallery &amp; Games ,Problem/Fault,AppGallery-Install/Upgrade,Can't update Apps,,,AppGallery &amp; Games ,appgallery probleme und vorschläge beschreibung update sst sich nicht installieren kontaktinformationen description update cannot be installed contact information description update cannot be installed contact information description update cannot be installed contact information
24075,67762,,support.pt@aspiegel.com,appgallery probleme und vorschläge appgallery problems and suggestions,danke nach neuinstallation der app funktioniert alles einwandfrei mfg schrieb am do sep sehr geehrter kunde vielen dank dass sie mit team aspiegel se provedor de huawei mobile services para huawei honor propriet rios de dispositivos na europa canad austr lia nova zel ndia outros pa ses appgallery probleme und vorschl ge beschreibung update sst sich nicht installieren kontaktinformationen,AppGallery &amp; Games / Suggestions &amp; Feedback,AppGallery &amp; Games ,Problem/Fault,AppGallery-Install/Upgrade,Can't update Apps,,,AppGallery &amp; Games ,appgallery probleme und vorschläge appgallery problems and suggestions danke nach neuinstallation der app funktioniert alles einwandfrei mfg schrieb am do sep sehr geehrter kunde vielen dank dass sie mit team aspiegel se provedor de huawei mobile services para huawei honor propriet rios de dispositivos na europa canad austr lia nova zel ndia outros pa ses appgallery probleme und vorschl ge beschreibung update sst sich nicht installieren kontaktinformationen
23748,66706,,support.pt@aspiegel.com,appgallery problems and suggestions,description contact information,AppGallery &amp; Games / Other Requests,AppGallery &amp; Games ,Suggestion,AppGallery-Use,Others,,,AppGallery &amp; Games ,appgallery problems and suggestions description contact information
23624,66266,,support.pt@aspiegel.com,gamecentre problems and suggestions,description no moontoon contact information phone,AppGallery &amp; Games / Other Requests,AppGallery &amp; Games ,Problem/Fault,AppGallery-Install/Upgrade,Can't download Apps,,,AppGallery &amp; Games ,gamecentre problems and suggestions description no moontoon contact information phone
23555,65977,,support.pt@aspiegel.com,appgallery problemas e sugestões,descri n compreendo dns nunca estar funcionar ser que me podem ajudau informa es de contacto enviado do meu telem veldescription don understand why dns is never working can you help me contact information sent from my cell phone,AppGallery &amp; Games / Other Requests,AppGallery &amp; Games ,Problem/Fault,General,Cannot connect - Server,,,AppGallery &amp; Games ,appgallery problemas e sugestões descri n compreendo dns nunca estar funcionar ser que me podem ajudau informa es de contacto enviado do meu telem veldescription don understand why dns is never working can you help me contact information sent from my cell phone
23534,65883,,support.pt@aspiegel.com,appgallery probleme und vorschläge,beschreibung komit sst sich nich installieren kontaktinformationen von meinem huawei telefon gesendet,AppGallery &amp; Games / Suggestions &amp; Feedback,AppGallery &amp; Games ,Problem/Fault,AppGallery-Install/Upgrade,,Can't install Apps,,AppGallery &amp; Games ,appgallery probleme und vorschläge beschreibung komit sst sich nich installieren kontaktinformationen von meinem huawei telefon gesendet
23477,65661,,support.pt@aspiegel.com,appgallery problems and suggestions,huawi health we appreciate your contact our support representatives will check your message and get back to you as soon as possible we appreciate your patience and cooperation sincerely team ireland aspiegel se is the huawei mobile services provider for huawei and honor device owners in europe canada australia new zealand and other countries huawi health ol agradecemos seu contacto nossos representantes de suporte ir verificar sua mensagem entrar em contacto com voc assim que poss vel agradecemos sua paci ncia colabora sinceramente equipa de suporte ao cliente irlanda aspiegel se provedor de huawei mobile services para os propriet rios de dispositivos huawei honor na europa canad austr lia nova zel ndia outros pa ses,AppGallery &amp; Games / Other Requests,AppGallery &amp; Games ,Others,,,,,AppGallery &amp; Games ,appgallery problems and suggestions huawi health we appreciate your contact our support representatives will check your message and get back to you as soon as possible we appreciate your patience and cooperation sincerely team ireland aspiegel se is the huawei mobile services provider for huawei and honor device owners in europe canada australia new zealand and other countries huawi health ol agradecemos seu contacto nossos representantes de suporte ir verificar sua mensagem entrar em contacto com voc assim que poss vel agradecemos sua paci ncia colabora sinceramente equipa de suporte ao cliente irlanda aspiegel se provedor de huawei mobile services para os propriet rios de dispositivos huawei honor na europa canad austr lia nova zel ndia outros pa ses
23452,65616,,support.pt@aspiegel.com,appgallery problemas e sugestões,description can install contact information cell phone descri n d pra instalar informa es de contacto enviado do meu telem vel huawei,AppGallery &amp; Games / Suggestions &amp; Feedback,AppGallery &amp; Games ,Problem/Fault,AppGallery-Install/Upgrade,Can't install Apps,,,AppGallery &amp; Games ,appgallery problemas e sugestões description can install contact information cell phone descri n d pra instalar informa es de contacto enviado do meu telem vel huawei
23429,65569,,support.pt@aspiegel.com,appgallery problemas e sugestões,description does not install contact information descri n instala informa es de contacto,AppGallery &amp; Games / Other Requests,AppGallery &amp; Games ,Problem/Fault,AppGallery-Install/Upgrade,Can't install Apps,,,AppGallery &amp; Games ,appgallery problemas e sugestões description does not install contact information descri n instala informa es de contacto
23395,65482,,support.pt@aspiegel.com,appgallery problemi e soluzioni,description in the area where am there is no connection fastweb devices and we have difficulties with calls no connection to the internet contact information tabletdescrizione nella zona in cui mi trovo non connessione dispositivi fastweb ed abbiamo difficolt con le amate nessuna connessione ad internet informazioni di contatto inviato dal mio tablet huawei,AppGallery &amp; Games / Other Requests,AppGallery &amp; Games ,Others,,,,,AppGallery &amp; Games ,appgallery problemi e soluzioni description in the area where am there is no connection fastweb devices and we have difficulties with calls no connection to the internet contact information tabletdescrizione nella zona in cui mi trovo non connessione dispositivi fastweb ed abbiamo difficolt con le amate nessuna connessione ad internet informazioni di contatto inviato dal mio tablet huawei
23230,65024,,support.pt@aspiegel.com,appgallery проблеми и предложения,description what up contact info sent from my phone huawei what up huawei,AppGallery &amp; Games / Other Requests,AppGallery &amp; Games ,Others,,,,,AppGallery &amp; Games ,appgallery проблеми и предложения description what up contact info sent from my phone huawei what up huawei
23229,65022,,support.pt@aspiegel.com,appgallery проблеми и предложения,what up huawei,AppGallery &amp; Games / Other Requests,AppGallery &amp; Games ,Others,,,,,AppGallery &amp; Games ,appgallery проблеми и предложения what up huawei
23212,64982,,support.pt@aspiegel.com,appgallery проблеми и предложения,ok what up huawei,AppGallery &amp; Games / Other Requests,AppGallery &amp; Games ,Others,,,,,AppGallery &amp; Games ,appgallery проблеми и предложения ok what up huawei
23194,64946,,support.pt@aspiegel.com,appgallery problemer og forslag,beskrivelse installation fejl kontaktoplysninger,AppGallery &amp; Games / Other Requests,AppGallery &amp; Games ,Problem/Fault,AppGallery-Install/Upgrade,Other download/install/update issue,,,AppGallery &amp; Games ,appgallery problemer og forslag beskrivelse installation fejl kontaktoplysninger
23193,64944,,support.pt@aspiegel.com,appgallery problemer og forslag,beskrivelse installation fejl kontaktoplysninger,AppGallery &amp; Games / Other Requests,AppGallery &amp; Games ,Problem/Fault,AppGallery-Install/Upgrade,Other download/install/update issue,,,AppGallery &amp; Games ,appgallery problemer og forslag beskrivelse installation fejl kontaktoplysninger
23189,64938,,support.pt@aspiegel.com,appgallery проблеми и предложения,,AppGallery &amp; Games / Other Requests,AppGallery &amp; Games ,Suggestion,General,Personal data,,,AppGallery &amp; Games ,appgallery проблеми и предложения 
23188,64936,,support.pt@aspiegel.com,appgallery проблеми и предложения,,AppGallery &amp; Games / Other Requests,AppGallery &amp; Games ,Suggestion,General,Personal data,,,AppGallery &amp; Games ,appgallery проблеми и предложения 
23056,64550,44805.93403,support.pt@aspiegel.com,appgallery problems and suggestions,description my phone data and privacy is insecure all apps and accounts are copied and shared by rd parties without my consent wish to report that everyt ng used here is still not private as we speak m scared and frustrated about s issue contact information,AppGallery &amp; Games / Report a scam or fraud ,AppGallery &amp; Games ,Suggestion,General,Personal data,,,AppGallery &amp; Games ,appgallery problems and suggestions description my phone data and privacy is insecure all apps and accounts are copied and shared by rd parties without my consent wish to report that everyt ng used here is still not private as we speak m scared and frustrated about s issue contact information
23055,64549,44805.91319,support.pt@aspiegel.com,appgallery problemy i sugestie,opis brak mo liwo ci instalacji informacje kontaktowe,AppGallery &amp; Games / Suggestions &amp; Feedback,AppGallery &amp; Games ,Problem/Fault,AppGallery-Install/Upgrade,Other download/install/update issue,,,AppGallery &amp; Games ,appgallery problemy i sugestie opis brak mo liwo ci instalacji informacje kontaktowe
23054,64548,44805.91319,support.pt@aspiegel.com,appgallery problemy i sugestie,description no installation possible contact information opis brak mo liwo ci instalacji informacje kontaktowe,AppGallery &amp; Games / Suggestions &amp; Feedback,AppGallery &amp; Games ,Problem/Fault,AppGallery-Install/Upgrade,Other download/install/update issue,,,AppGallery &amp; Games ,appgallery problemy i sugestie description no installation possible contact information opis brak mo liwo ci instalacji informacje kontaktowe
23052,64544,44805.88819,support.pt@aspiegel.com,appgallery sorunlar ve öneriler,klama kleme yapmamaktad i leti im bilgileri,AppGallery &amp; Games / Suggestions &amp; Feedback,AppGallery &amp; Games ,Problem/Fault,General,AppGallery not loading,,,AppGallery &amp; Games ,appgallery sorunlar ve öneriler klama kleme yapmamaktad i leti im bilgileri
23049,64540,44805.85139,support.pt@aspiegel.com,appgallery problémy a odporúčania,description failed to install update mi vydeoplayer contact information opis zlyhava in talacia aktualiz cie mi vydeoplayer kontaktn inform cie,AppGallery &amp; Games / Suggestions &amp; Feedback,AppGallery &amp; Games ,Problem/Fault,AppGallery-Install/Upgrade,Can't update Apps,,,AppGallery &amp; Games ,appgallery problémy a odporúčania description failed to install update mi vydeoplayer contact information opis zlyhava in talacia aktualiz cie mi vydeoplayer kontaktn inform cie
23044,64525,44805.82222,support.pt@aspiegel.com,appgallery problemas y sugerencias,descripci tengo el celular petado no me deja desistalar nada de nada informaci de contacto,AppGallery &amp; Games / Suggestions &amp; Feedback,AppGallery &amp; Games ,Problem/Fault,AppGallery-Use,UI Abnormal in Huawei AppGallery,,,AppGallery &amp; Games ,appgallery problemas y sugerencias descripci tengo el celular petado no me deja desistalar nada de nada informaci de contacto
23024,64446,44805.68264,support.pt@aspiegel.com,appgallery questions et suggestions,description pb de connexion au wifi et aux donn es mobiles informations de contact envoy depuis mon mobile huawei,AppGallery &amp; Games / Suggestions &amp; Feedback,AppGallery &amp; Games ,Suggestion,AppGallery-Use,Others,,,AppGallery &amp; Games ,appgallery questions et suggestions description pb de connexion au wifi et aux donn es mobiles informations de contact envoy depuis mon mobile huawei
23024,64465,44805.70556,support.pt@aspiegel.com,appgallery questions et suggestions,cher client merci avoir contact aspiegel nous esp rons que vous allez bien cet email est au sujet de votre souci concernant votre probl me avec appgallery afin tre en mesure approfondir enqu te pouvez vous il vous pla nous fournir les ments suivants une description du probl me une capture cran ou un enregistrement vid de erreur quand le probl me est produit votre identifiant huawei app gallery hms core ouvrir puis faire une capture cran le mod le de votre l phone le num ro sn de votre appareil version app gallery huawei app gallery moi propos de version de hms core huawei app gallery hms core ouvrir param tres propos de application concern version de application concern le journal de app gallery merci de votre coop ration pour autres questions h sitez pas pondre ce fil de discussion et nous serons heureux de vous guider travers vos doutes cordialement assistance la client le aspiegel aspiegel se uma empresa constitu da segundo as leis da irlanda com sede em irlanda aspiegel se provedor de huawei mobile services para huawei honor propriet rios de dispositivos na europa canad austr lia nova zel ndia outros pa ses appgallery questions et suggestions description pb de connexion au wifi et aux donn es mobiles informations de contact envoy depuis mon mobile huawei,AppGallery &amp; Games / Suggestions &amp; Feedback,AppGallery &amp; Games ,Suggestion,AppGallery-Use,Others,,,AppGallery &amp; Games ,appgallery questions et suggestions cher client merci avoir contact aspiegel nous esp rons que vous allez bien cet email est au sujet de votre souci concernant votre probl me avec appgallery afin tre en mesure approfondir enqu te pouvez vous il vous pla nous fournir les ments suivants une description du probl me une capture cran ou un enregistrement vid de erreur quand le probl me est produit votre identifiant huawei app gallery hms core ouvrir puis faire une capture cran le mod le de votre l phone le num ro sn de votre appareil version app gallery huawei app gallery moi propos de version de hms core huawei app gallery hms core ouvrir param tres propos de application concern version de application concern le journal de app gallery merci de votre coop ration pour autres questions h sitez pas pondre ce fil de discussion et nous serons heureux de vous guider travers vos doutes cordialement assistance la client le aspiegel aspiegel se uma empresa constitu da segundo as leis da irlanda com sede em irlanda aspiegel se provedor de huawei mobile services para huawei honor propriet rios de dispositivos na europa canad austr lia nova zel ndia outros pa ses appgallery questions et suggestions description pb de connexion au wifi et aux donn es mobiles informations de contact envoy depuis mon mobile huawei
23021,64426,44805.64931,support.pt@aspiegel.com,appgallery problems and suggestionsї appgallery проблеми та пропозиції,huawei,AppGallery &amp; Games / Suggestions &amp; Feedback,AppGallery &amp; Games ,Problem/Fault,AppGallery-Install/Upgrade,Can't install Apps,,,AppGallery &amp; Games ,appgallery problems and suggestionsї appgallery проблеми та пропозиції huawei
23012,64379,44805.6125,support.pt@aspiegel.com,appgallery problems and suggestions,description haiii buba contact information beyekeita sent from my phone,AppGallery &amp; Games / Other Requests,AppGallery &amp; Games ,Others,,,,,AppGallery &amp; Games ,appgallery problems and suggestions description haiii buba contact information beyekeita sent from my phone
23003,64352,44805.58333,support.pt@aspiegel.com,appgallery probleme și sugestii,descriere nu merge sa instalez stumble guys informa ii contact trimis de pe telefonul meu huawei,AppGallery &amp; Games / Other Requests,AppGallery &amp; Games ,Problem/Fault,AppGallery-Install/Upgrade,Can't install Apps,,,AppGallery &amp; Games ,appgallery probleme și sugestii descriere nu merge sa instalez stumble guys informa ii contact trimis de pe telefonul meu huawei
23003,64386,44805.61736,support.pt@aspiegel.com,appgallery probleme și sugestii,stimate client mul umim a contactat team irlanda aspiegel se provedor de huawei mobile services para huawei honor propriet rios de dispositivos na europa canad austr lia nova zel ndia outros pa ses appgallery probleme sugestii descriere nu merge sa instalez stumble guys informa ii contact trimis de pe telefonul meu huawei,AppGallery &amp; Games / Other Requests,AppGallery &amp; Games ,Suggestion,AppGallery-Use,Others,,,AppGallery &amp; Games ,appgallery probleme și sugestii stimate client mul umim a contactat team irlanda aspiegel se provedor de huawei mobile services para huawei honor propriet rios de dispositivos na europa canad austr lia nova zel ndia outros pa ses appgallery probleme sugestii descriere nu merge sa instalez stumble guys informa ii contact trimis de pe telefonul meu huawei
22994,64318,44805.52917,support.pt@aspiegel.com,appgallery problems and suggestions,description no instrol contact information phone,AppGallery &amp; Games / Suggestions &amp; Feedback,AppGallery &amp; Games ,Suggestion,General,Others,,,AppGallery &amp; Games ,appgallery problems and suggestions description no instrol contact information phone
22994,64321,44805.53472,support.pt@aspiegel.com,appgallery problems and suggestions,for contacting you re doing well in order to give you the best solution could you please clarify your request with following information description of the issue screenshot or record video of error when issue happened your huawei id app gallery hms core open then take screenshot your phone model sn number of your device app gallery version huawei app gallery me about hms core version huawei app gallery hms core open settings about related app related app version the log of app gallery if you have any further questions please feel free to reply to s email thread and we will be happy to walk you through your doubts sincerely alexandra customer support team a se provedor de huawei mobile services para huawei honor propriet rios de dispositivos na europa canad austr lia nova zel ndia outros pa ses appgallery problems and suggestions description no instrol contact information phone,AppGallery &amp; Games / Suggestions &amp; Feedback,AppGallery &amp; Games ,Others,,,,,AppGallery &amp; Games ,appgallery problems and suggestions for contacting you re doing well in order to give you the best solution could you please clarify your request with following information description of the issue screenshot or record video of error when issue happened your huawei id app gallery hms core open then take screenshot your phone model sn number of your device app gallery version huawei app gallery me about hms core version huawei app gallery hms core open settings about related app related app version the log of app gallery if you have any further questions please feel free to reply to s email thread and we will be happy to walk you through your doubts sincerely alexandra customer support team a se provedor de huawei mobile services para huawei honor propriet rios de dispositivos na europa canad austr lia nova zel ndia outros pa ses appgallery problems and suggestions description no instrol contact information phone
22983,64260,44805.44514,support.pt@aspiegel.com,appgallery probleme și sugestii,descriere nu se instaleaz informa ii contact trimis de pe telefonul meu huawei,AppGallery &amp; Games / Other Requests,AppGallery &amp; Games ,Problem/Fault,AppGallery-Install/Upgrade,Can't install Apps,,,AppGallery &amp; Games ,appgallery probleme și sugestii descriere nu se instaleaz informa ii contact trimis de pe telefonul meu huawei
22983,64268,44805.45764,support.pt@aspiegel.com,appgallery probleme și sugestii,stimate client mul umim a contactat irlanda aspiegel se provedor de huawei mobile services para huawei honor propriet rios de dispositivos na europa canad austr lia nova zel ndia outros pa ses appgallery probleme sugestii descriere nu se instaleaz informa ii contact trimis de pe telefonul meu huawei,AppGallery &amp; Games / Other Requests,AppGallery &amp; Games ,Others,,,,,AppGallery &amp; Games ,appgallery probleme și sugestii stimate client mul umim a contactat irlanda aspiegel se provedor de huawei mobile services para huawei honor propriet rios de dispositivos na europa canad austr lia nova zel ndia outros pa ses appgallery probleme sugestii descriere nu se instaleaz informa ii contact trimis de pe telefonul meu huawei
22982,64259,44805.44514,support.pt@aspiegel.com,problems and suggestions متجر التطبيقات المشاكل والاقتراحات,,AppGallery &amp; Games / Suggestions &amp; Feedback,AppGallery &amp; Games ,Others,,,,,AppGallery &amp; Games ,problems and suggestions متجر التطبيقات المشاكل والاقتراحات 
22978,64246,44805.43056,support.pt@aspiegel.com,appgallery problems and suggestions,description nu merge instalat contact information phone,AppGallery &amp; Games / Suggestions &amp; Feedback,AppGallery &amp; Games ,Problem/Fault,AppGallery-Install/Upgrade,Can't install Apps,,,AppGallery &amp; Games ,appgallery problems and suggestions description nu merge instalat contact information phone
22977,64245,44805.43056,support.pt@aspiegel.com,appgallery problems and suggestions,description nu se instaleaz contact information phone,AppGallery &amp; Games / Suggestions &amp; Feedback,AppGallery &amp; Games ,Problem/Fault,AppGallery-Install/Upgrade,Can't install Apps,,,AppGallery &amp; Games ,appgallery problems and suggestions description nu se instaleaz contact information phone
22972,64235,44805.42292,support.pt@aspiegel.com,appgallery probleme și sugestii,descriere nu merge stumble guysul informa ii contact nu pot spune trimis de pe telefonul meu huawei,AppGallery &amp; Games / Other Requests,AppGallery &amp; Games ,Problem/Fault,AppGallery-Install/Upgrade,Can't install Apps,,,AppGallery &amp; Games ,appgallery probleme și sugestii descriere nu merge stumble guysul informa ii contact nu pot spune trimis de pe telefonul meu huawei
22972,64242,44805.43056,support.pt@aspiegel.com,appgallery probleme și sugestii,stimate client mul umim a contactat irlanda aspiegel se provedor de huawei mobile services para huawei honor propriet rios de dispositivos na europa canad austr lia nova zel ndia outros pa ses appgallery probleme sugestii descriere nu merge stumble guysul informa ii contact nu pot spune trimis de pe telefonul meu huawei,AppGallery &amp; Games / Other Requests,AppGallery &amp; Games ,Others,,,,,AppGallery &amp; Games ,appgallery probleme și sugestii stimate client mul umim a contactat irlanda aspiegel se provedor de huawei mobile services para huawei honor propriet rios de dispositivos na europa canad austr lia nova zel ndia outros pa ses appgallery probleme sugestii descriere nu merge stumble guysul informa ii contact nu pot spune trimis de pe telefonul meu huawei
22964,64204,44805.38125,support.pt@aspiegel.com,bonus place my appgallery проблемы и предложения,nan,AppGallery &amp; Games / Other Requests,AppGallery &amp; Games ,Others,,,,,AppGallery &amp; Games ,bonus place my appgallery проблемы и предложения nan
22964,64211,44805.39028,support.pt@aspiegel.com,bonus place my appgallery проблемы и предложения,for contacting you re doing well in order to give you the best solution could you please clarify your request with following information description of the issue screenshot or record video of error when issue happened your huawei id app gallery hms core open then take screenshot your phone model sn number of your device app gallery version huawei app gallery me about hms core version huawei app gallery hms core open settings about related app related app version the log of app gallery if you have any further questions please feel free to reply to s email thread and we will be happy to walk you through your doubts sincerely alexandra customer support team a se provedor de huawei mobile services para huawei honor propriet rios de dispositivos na europa canad austr lia nova zel ndia outros pa ses bonus place my support pt appgallery,AppGallery &amp; Games / Other Requests,AppGallery &amp; Games ,Others,,,,,AppGallery &amp; Games ,bonus place my appgallery проблемы и предложения for contacting you re doing well in order to give you the best solution could you please clarify your request with following information description of the issue screenshot or record video of error when issue happened your huawei id app gallery hms core open then take screenshot your phone model sn number of your device app gallery version huawei app gallery me about hms core version huawei app gallery hms core open settings about related app related app version the log of app gallery if you have any further questions please feel free to reply to s email thread and we will be happy to walk you through your doubts sincerely alexandra customer support team a se provedor de huawei mobile services para huawei honor propriet rios de dispositivos na europa canad austr lia nova zel ndia outros pa ses bonus place my support pt appgallery
22964,64204,,support.pt@aspiegel.com,bonus place my appgallery проблемы и предложения,,AppGallery &amp; Games / Other Requests,AppGallery &amp; Games ,Others,,,,,AppGallery &amp; Games ,bonus place my appgallery проблемы и предложения 
22963,64202,44805.38125,support.pt@aspiegel.com,appgallery проблемы и предложения,timestamp z message aadsts the endpoint only accepts post requests received get request request id ae bed a correlation id bdd e a dc a,AppGallery &amp; Games / Other Requests,AppGallery &amp; Games ,Others,,,,,AppGallery &amp; Games ,appgallery проблемы и предложения timestamp z message aadsts the endpoint only accepts post requests received get request request id ae bed a correlation id bdd e a dc a
22963,64209,44805.38819,support.pt@aspiegel.com,appgallery проблемы и предложения,for contacting you re doing well in order to give you the best solution could you please clarify your request with following information description of the issue screenshot or record video of error when issue happened your huawei id app gallery hms core open then take screenshot your phone model sn number of your device app gallery version huawei app gallery me about hms core version huawei app gallery hms core open settings about related app related app version the log of app gallery if you have any further questions please feel free to reply to s email thread and we will be happy to walk you through your doubts sincerely alexandra customer support team a se provedor de huawei mobile services para huawei honor propriet rios de dispositivos na europa canad austr lia nova zel ndia outros pa ses appgallery timestamp z message aadsts the endpoint only accepts post requests received get request request id ae bed a correlation id bdd e a dc a,AppGallery &amp; Games / Other Requests,AppGallery &amp; Games ,Others,,,,,AppGallery &amp; Games ,appgallery проблемы и предложения for contacting you re doing well in order to give you the best solution could you please clarify your request with following information description of the issue screenshot or record video of error when issue happened your huawei id app gallery hms core open then take screenshot your phone model sn number of your device app gallery version huawei app gallery me about hms core version huawei app gallery hms core open settings about related app related app version the log of app gallery if you have any further questions please feel free to reply to s email thread and we will be happy to walk you through your doubts sincerely alexandra customer support team a se provedor de huawei mobile services para huawei honor propriet rios de dispositivos na europa canad austr lia nova zel ndia outros pa ses appgallery timestamp z message aadsts the endpoint only accepts post requests received get request request id ae bed a correlation id bdd e a dc a
22959,64193,44805.36806,support.pt@aspiegel.com,g appgallery problem och försla ap appgallery problems and suggestionspgallery problem och förslag,beskrivning inga certifikat ttades kontaktinformation,AppGallery &amp; Games / Suggestions &amp; Feedback,AppGallery &amp; Games ,Problem/Fault,General,Security issue / malware,,,AppGallery &amp; Games ,g appgallery problem och försla ap appgallery problems and suggestionspgallery problem och förslag beskrivning inga certifikat ttades kontaktinformation
22959,64406,44805.62361,support.pt@aspiegel.com,appgallery problem och förslag appgallery problems and suggestions,for contacting you re doing well in order to give you the best solution could you please clarify your request with following information description of the issue screenshot or record video of error when issue happened your huawei id app gallery hms core open then take screenshot your phone model sn number of your device app gallery version huawei app gallery me about hms core version huawei app gallery hms core open settings about related app related app version the log of app gallery if you have any further questions please feel free to reply to s email thread and we will be happy to walk you through your doubts sincerely customer support team a se provedor de huawei mobile services para huawei honor propriet rios de dispositivos na europa canad austr lia nova zel ndia outros pa ses appgallery problem och rslag beskrivning inga certifikat ttades kontaktinformation,AppGallery &amp; Games / Suggestions &amp; Feedback,AppGallery &amp; Games ,Others,,,,,AppGallery &amp; Games ,appgallery problem och förslag appgallery problems and suggestions for contacting you re doing well in order to give you the best solution could you please clarify your request with following information description of the issue screenshot or record video of error when issue happened your huawei id app gallery hms core open then take screenshot your phone model sn number of your device app gallery version huawei app gallery me about hms core version huawei app gallery hms core open settings about related app related app version the log of app gallery if you have any further questions please feel free to reply to s email thread and we will be happy to walk you through your doubts sincerely customer support team a se provedor de huawei mobile services para huawei honor propriet rios de dispositivos na europa canad austr lia nova zel ndia outros pa ses appgallery problem och rslag beskrivning inga certifikat ttades kontaktinformation
22948,64155,44805.33194,support.pt@aspiegel.com,appgallery problémák és javaslatok,le s versionproblem vjegy inform ci,AppGallery &amp; Games / Other Requests,AppGallery &amp; Games ,Others,,,,,AppGallery &amp; Games ,appgallery problémák és javaslatok le s versionproblem vjegy inform ci
22948,64157,44805.33611,support.pt@aspiegel.com,appgallery problémák és javaslatok,for contacting you re doing well in order to give you the best solution could you please clarify your request with following information description of the issue screenshot or record video of error when issue happened your huawei id app gallery hms core open then take screenshot your phone model sn number of your device app gallery version huawei app gallery me about hms core version huawei app gallery hms core open settings about related app related app version the log of app gallery if you have any further questions please feel free to reply to s email thread and we will be happy to walk you through your doubts sincerely alexandra customer support team a se provedor de huawei mobile services para huawei honor propriet rios de dispositivos na europa canad austr lia nova zel ndia outros pa ses appgallery probl k javaslatok le s versionproblem vjegy inform ci,AppGallery &amp; Games / Other Requests,AppGallery &amp; Games ,Others,,,,,AppGallery &amp; Games ,appgallery problémák és javaslatok for contacting you re doing well in order to give you the best solution could you please clarify your request with following information description of the issue screenshot or record video of error when issue happened your huawei id app gallery hms core open then take screenshot your phone model sn number of your device app gallery version huawei app gallery me about hms core version huawei app gallery hms core open settings about related app related app version the log of app gallery if you have any further questions please feel free to reply to s email thread and we will be happy to walk you through your doubts sincerely alexandra customer support team a se provedor de huawei mobile services para huawei honor propriet rios de dispositivos na europa canad austr lia nova zel ndia outros pa ses appgallery probl k javaslatok le s versionproblem vjegy inform ci
22943,64147,44805.20972,support.pt@aspiegel.com,appgallery problems and suggestions,description how to installed contact information phone,AppGallery &amp; Games / Other Requests,AppGallery &amp; Games ,Suggestion,General,Others,,,AppGallery &amp; Games ,appgallery problems and suggestions description how to installed contact information phone
22943,64213,44805.39514,support.pt@aspiegel.com,appgallery problems and suggestions,for contacting you are doing well s email is in regards to your concern about your appgallery issue in order to be able to further investigate it can you please provide us with the following description of the issue screenshot or record video of error when issue happened your huawei id app gallery hms core open then take screenshot your phone model sn number of your device app gallery version huawei app gallery me about hms core version huawei app gallery hms core open settings about related app related app version the log of app gallery for your cooperation for further questions please feel free to reply to s email thread and we will be happy to walk you through your doubts sincerely stela customer support team a se provedor de huawei mobile services para huawei honor propriet rios de dispositivos na europa canad austr lia nova zel ndia outros pa ses appgallery problems and suggestions description how to installed contact information phone,AppGallery &amp; Games / Other Requests,AppGallery &amp; Games ,Others,,,,,AppGallery &amp; Games ,appgallery problems and suggestions for contacting you are doing well s email is in regards to your concern about your appgallery issue in order to be able to further investigate it can you please provide us with the following description of the issue screenshot or record video of error when issue happened your huawei id app gallery hms core open then take screenshot your phone model sn number of your device app gallery version huawei app gallery me about hms core version huawei app gallery hms core open settings about related app related app version the log of app gallery for your cooperation for further questions please feel free to reply to s email thread and we will be happy to walk you through your doubts sincerely stela customer support team a se provedor de huawei mobile services para huawei honor propriet rios de dispositivos na europa canad austr lia nova zel ndia outros pa ses appgallery problems and suggestions description how to installed contact information phone
22938,64257,44805.44722,support.pt@aspiegel.com,appgallery probleme și sugestii,stimate client mul umim a contactat team irlanda aspiegel se provedor de huawei mobile services para huawei honor propriet rios de dispositivos na europa canad austr lia nova zel ndia outros pa ses appgallery probleme sugestii descriere nu imi merge mesajele la agenda informa ii contact trimis de pe telefonul meu,AppGallery &amp; Games / Suggestions &amp; Feedback,AppGallery &amp; Games ,Suggestion,General,Others,,,AppGallery &amp; Games ,appgallery probleme și sugestii stimate client mul umim a contactat team irlanda aspiegel se provedor de huawei mobile services para huawei honor propriet rios de dispositivos na europa canad austr lia nova zel ndia outros pa ses appgallery probleme sugestii descriere nu imi merge mesajele la agenda informa ii contact trimis de pe telefonul meu
22931,64270,44805.46667,support.pt@aspiegel.com,envio de recompensa resgatada sending redeemed rewards,estimado hugo brito recomendamos que nos contacte atrav do canal discordar https discord gg tkyzc cagu partir do ambiente de trabalho do seu computador directamente se tiver quaisquer dificuldades na utiliza da disc rdia ou se preferir que s tratemos do caso queira fornecer nos as seguintes informa es para uma investiga mais aprofundada sua identifica huawei seu pa de servi appgallery me configura es pa o nome da aplica do jogo nome da campanha em que participou descreva quantos pontos huawei coupon pre lhe foram destinados informa es de contacto da sua conta discordante se aplic vel se tiver mais alguma quest por favor sinta se vontade para responder este pico de correio electr nico teremos todo prazer em esclarec lo sobre as suas vidas atenciosamente marian team irlanda aspiegel se provedor de huawei mobile services para huawei honor propriet rios de dispositivos na europa canad austr lia nova zel ndia outros pa ses envio de recompensa resgatada boa noite no decorrer do vosso concurso de ver realizado na app gallery tendo eu feito download das apps recol do os pontos necess rios para resgate do pr mio que pretendia pergunto qual previs de entrega do mesmo junto anexo foto do respetivo pr mio atentamente hugo brito obter outlook para android,"AppGallery &amp; Games /  Information request (e.g. prize delivery timeframe, how to join campaign)",AppGallery &amp; Games ,Suggestion,VIP / Offers / Promotions,Offers / Vouchers / Promotions,,,AppGallery &amp; Games ,envio de recompensa resgatada sending redeemed rewards estimado hugo brito recomendamos que nos contacte atrav do canal discordar https discord gg tkyzc cagu partir do ambiente de trabalho do seu computador directamente se tiver quaisquer dificuldades na utiliza da disc rdia ou se preferir que s tratemos do caso queira fornecer nos as seguintes informa es para uma investiga mais aprofundada sua identifica huawei seu pa de servi appgallery me configura es pa o nome da aplica do jogo nome da campanha em que participou descreva quantos pontos huawei coupon pre lhe foram destinados informa es de contacto da sua conta discordante se aplic vel se tiver mais alguma quest por favor sinta se vontade para responder este pico de correio electr nico teremos todo prazer em esclarec lo sobre as suas vidas atenciosamente marian team irlanda aspiegel se provedor de huawei mobile services para huawei honor propriet rios de dispositivos na europa canad austr lia nova zel ndia outros pa ses envio de recompensa resgatada boa noite no decorrer do vosso concurso de ver realizado na app gallery tendo eu feito download das apps recol do os pontos necess rios para resgate do pr mio que pretendia pergunto qual previs de entrega do mesmo junto anexo foto do respetivo pr mio atentamente hugo brito obter outlook para android
22931,64278,44805.46944,support.pt@aspiegel.com,envio de recompensa resgatada sending redeemed rewards,bom dia o tenho computador obter outlook para android envio de recompensa resgatada estimado hugo brito recomendamos que nos contacte atrav do canal discordar https discord gg tkyzc cagu partir do ambiente de trabalho do seu computador directamente se tiver quaisquer dificuldades na utiliza da disc rdia ou se preferir que s tratemos do caso queira fornecer nos as seguintes informa es para uma investiga mais aprofundada sua identifica huawei seu pa de servi appgallery me configura es pa o nome da aplica do jogo nome da campanha em que participou descreva quantos pontos huawei coupon pre lhe foram destinados informa es de contacto da sua conta discordante se aplic vel se tiver mais alguma quest por favor sinta se vontade para responder este pico de correio electr nico teremos todo prazer em esclarec lo sobre as suas vidas atenciosamente marian team irlanda aspiegel se provedor de huawei mobile services para huawei honor propriet rios de dispositivos na europa canad austr lia nova zel ndia outros pa ses,"AppGallery &amp; Games /  Information request (e.g. prize delivery timeframe, how to join campaign)",AppGallery &amp; Games ,Suggestion,VIP / Offers / Promotions,Offers / Vouchers / Promotions,,,AppGallery &amp; Games ,envio de recompensa resgatada sending redeemed rewards bom dia o tenho computador obter outlook para android envio de recompensa resgatada estimado hugo brito recomendamos que nos contacte atrav do canal discordar https discord gg tkyzc cagu partir do ambiente de trabalho do seu computador directamente se tiver quaisquer dificuldades na utiliza da disc rdia ou se preferir que s tratemos do caso queira fornecer nos as seguintes informa es para uma investiga mais aprofundada sua identifica huawei seu pa de servi appgallery me configura es pa o nome da aplica do jogo nome da campanha em que participou descreva quantos pontos huawei coupon pre lhe foram destinados informa es de contacto da sua conta discordante se aplic vel se tiver mais alguma quest por favor sinta se vontade para responder este pico de correio electr nico teremos todo prazer em esclarec lo sobre as suas vidas atenciosamente marian team irlanda aspiegel se provedor de huawei mobile services para huawei honor propriet rios de dispositivos na europa canad austr lia nova zel ndia outros pa ses
22931,64290,44805.49097,support.pt@aspiegel.com,envio de recompensa resgatada sending redeemed rewards,estimado hugo brito obrigado pelo seu regresso pela sua resposta pida neste caso fim de podermos ajudar precisaremos das seguintes informa es da sua parte sua identifica huawei seu pa de servi appgallery me configura es pa o nome da aplica do jogo nome da campanha em que participou descreva quantos pontos huawei coupon pre lhe foram destinados informa es de contacto da sua conta discordante se aplic vel se tiver mais alguma quest por favor sinta se vontade para responder este pico de correio electr nico teremos todo prazer em esclarec lo sobre as suas vidas atenciosamente marian team irlanda aspiegel se provedor de huawei mobile services para huawei honor propriet rios de dispositivos na europa canad austr lia nova zel ndia outros pa ses envio de recompensa resgatada bom dia o tenho computador obter outlook para android,"AppGallery &amp; Games /  Information request (e.g. prize delivery timeframe, how to join campaign)",AppGallery &amp; Games ,Suggestion,VIP / Offers / Promotions,Offers / Vouchers / Promotions,,,AppGallery &amp; Games ,envio de recompensa resgatada sending redeemed rewards estimado hugo brito obrigado pelo seu regresso pela sua resposta pida neste caso fim de podermos ajudar precisaremos das seguintes informa es da sua parte sua identifica huawei seu pa de servi appgallery me configura es pa o nome da aplica do jogo nome da campanha em que participou descreva quantos pontos huawei coupon pre lhe foram destinados informa es de contacto da sua conta discordante se aplic vel se tiver mais alguma quest por favor sinta se vontade para responder este pico de correio electr nico teremos todo prazer em esclarec lo sobre as suas vidas atenciosamente marian team irlanda aspiegel se provedor de huawei mobile services para huawei honor propriet rios de dispositivos na europa canad austr lia nova zel ndia outros pa ses envio de recompensa resgatada bom dia o tenho computador obter outlook para android
22931,64537,44805.85,support.pt@aspiegel.com,envio de recompensa resgatada sending redeemed rewards,onde vejo identifica huawei hugo brito portugal servi app gallery concurso foi de ver resgatados tempo foram pontos para reclamar huawey mini speaker cuja foto anexei obter outlook para android envio de recompensa resgatada estimado hugo brito obrigado pelo seu regresso pela sua resposta pida neste caso fim de podermos ajudar precisaremos das seguintes informa es da sua parte sua identifica huawei seu pa de servi appgallery me configura es pa o nome da aplica do jogo nome da campanha em que participou descreva quantos pontos huawei coupon pre lhe foram destinados informa es de contacto da sua conta discordante se aplic vel se tiver mais alguma quest por favor sinta se vontade para responder este pico de correio electr nico teremos todo prazer em esclarec lo sobre as suas vidas atenciosamente marian team irlanda aspiegel se provedor de huawei mobile services para huawei honor propriet rios de dispositivos na europa canad austr lia nova zel ndia outros pa ses,"AppGallery &amp; Games /  Information request (e.g. prize delivery timeframe, how to join campaign)",AppGallery &amp; Games ,Suggestion,VIP / Offers / Promotions,Offers / Vouchers / Promotions,,,AppGallery &amp; Games ,envio de recompensa resgatada sending redeemed rewards onde vejo identifica huawei hugo brito portugal servi app gallery concurso foi de ver resgatados tempo foram pontos para reclamar huawey mini speaker cuja foto anexei obter outlook para android envio de recompensa resgatada estimado hugo brito obrigado pelo seu regresso pela sua resposta pida neste caso fim de podermos ajudar precisaremos das seguintes informa es da sua parte sua identifica huawei seu pa de servi appgallery me configura es pa o nome da aplica do jogo nome da campanha em que participou descreva quantos pontos huawei coupon pre lhe foram destinados informa es de contacto da sua conta discordante se aplic vel se tiver mais alguma quest por favor sinta se vontade para responder este pico de correio electr nico teremos todo prazer em esclarec lo sobre as suas vidas atenciosamente marian team irlanda aspiegel se provedor de huawei mobile services para huawei honor propriet rios de dispositivos na europa canad austr lia nova zel ndia outros pa ses
22909,64407,44805.62361,support.pt@aspiegel.com,appgallery problémák és javaslatok,for contacting you re doing well in order to give you the best solution could you please clarify your request with following information description of the issue screenshot or record video of error when issue happened your huawei id app gallery hms core open then take screenshot your phone model sn number of your device app gallery version huawei app gallery me about hms core version huawei app gallery hms core open settings about related app related app version the log of app gallery if you have any further questions please feel free to reply to s email thread and we will be happy to walk you through your doubts sincerely customer support team a se provedor de huawei mobile services para huawei honor propriet rios de dispositivos na europa canad austr lia nova zel ndia outros pa ses appgallery probl k javaslatok le s nem tudom telep teni messengert vjegy inform ci a huawei telefonomr k ldve,AppGallery &amp; Games / Suggestions &amp; Feedback,AppGallery &amp; Games ,Others,,,,,AppGallery &amp; Games ,appgallery problémák és javaslatok for contacting you re doing well in order to give you the best solution could you please clarify your request with following information description of the issue screenshot or record video of error when issue happened your huawei id app gallery hms core open then take screenshot your phone model sn number of your device app gallery version huawei app gallery me about hms core version huawei app gallery hms core open settings about related app related app version the log of app gallery if you have any further questions please feel free to reply to s email thread and we will be happy to walk you through your doubts sincerely customer support team a se provedor de huawei mobile services para huawei honor propriet rios de dispositivos na europa canad austr lia nova zel ndia outros pa ses appgallery probl k javaslatok le s nem tudom telep teni messengert vjegy inform ci a huawei telefonomr k ldve
22836,64448,44805.68472,support.pt@aspiegel.com,appgallery problemos ir pasiūlymai,for contacting you re doing well in order to give you the best solution could you please clarify your request with following information description of the issue screenshot or record video of error when issue happened your huawei id app gallery hms core open then take screenshot your phone model sn number of your device app gallery version huawei app gallery me about hms core version huawei app gallery hms core open settings about related app related app version the log of app gallery if you have any further questions please feel free to reply to s email thread and we will be happy to walk you through your doubts sincerely customer support team a se provedor de huawei mobile services para huawei honor propriet rios de dispositivos na europa canad austr lia nova zel ndia outros pa ses appgallery problemos ir pasi lymai apra ymas ne galiojantis diegimo paketas klaida kontaktin informacija,AppGallery &amp; Games / Suggestions &amp; Feedback,AppGallery &amp; Games ,Suggestion,Others,,,,AppGallery &amp; Games ,appgallery problemos ir pasiūlymai for contacting you re doing well in order to give you the best solution could you please clarify your request with following information description of the issue screenshot or record video of error when issue happened your huawei id app gallery hms core open then take screenshot your phone model sn number of your device app gallery version huawei app gallery me about hms core version huawei app gallery hms core open settings about related app related app version the log of app gallery if you have any further questions please feel free to reply to s email thread and we will be happy to walk you through your doubts sincerely customer support team a se provedor de huawei mobile services para huawei honor propriet rios de dispositivos na europa canad austr lia nova zel ndia outros pa ses appgallery problemos ir pasi lymai apra ymas ne galiojantis diegimo paketas klaida kontaktin informacija
22591,64454,44805.69583,support.pt@aspiegel.com,appgallery problemas y sugerencias,estimado cliente me gustar hacer un seguimiento del caso que plante el de agosto usted ha manifestado que appgallery esta da ada para proceder la investigaci podr proporcionarnos la siguiente informaci modelo vaya ajustes acerca del tel fono modelo detalles del problema descripci de la consulta problema reclamaci cu ndo ocurri el problema fecha hora probabilidad del problema cu ntas veces ocurri el problema id de huawei direcci de correo electr nico n mero de tel fono utilizado para registrar el id de huawei pa regi de registro del id de huawei vaya ajustes id de huawei ajustes pa ubicaci del usuario pa regi su ubicaci captura de pantalla deo del problema mero de compilaci vaya ajustes acerca del tel fono mero de compilaci versi de hms huawei mobile services vaya ajustes aplicaciones aplicaciones sn mero de serie del tel fono vaya ajustes acerca del tel fono estado mero de serie si no tenemos noticias suyas en horas cerraremos este ticket una vez cerrado el ticket tendremos que presentar un nuevo ticket para recibir s asistencia lo que puede causar retrasos en la resoluci del problema gracias por su comprensi si tiene alguna otra pregunta no dude en responder este lo de correo electr nico estaremos encantados de ayudarle resolver sus dudas atentamente team aspiegel se uma empresa constitu da segundo as leis da com sede em aspiegel se provedor de huawei mobile services para huawei honor propriet rios de dispositivos na outros pa ses appgallery problemas sugerencias descripci esta da ada la aplicaci un saludo informaci de contacto,AppGallery &amp; Games / Suggestions &amp; Feedback,AppGallery &amp; Games ,Problem/Fault,AppGallery-Use,UI Abnormal in Huawei AppGallery,,,AppGallery &amp; Games ,appgallery problemas y sugerencias estimado cliente me gustar hacer un seguimiento del caso que plante el de agosto usted ha manifestado que appgallery esta da ada para proceder la investigaci podr proporcionarnos la siguiente informaci modelo vaya ajustes acerca del tel fono modelo detalles del problema descripci de la consulta problema reclamaci cu ndo ocurri el problema fecha hora probabilidad del problema cu ntas veces ocurri el problema id de huawei direcci de correo electr nico n mero de tel fono utilizado para registrar el id de huawei pa regi de registro del id de huawei vaya ajustes id de huawei ajustes pa ubicaci del usuario pa regi su ubicaci captura de pantalla deo del problema mero de compilaci vaya ajustes acerca del tel fono mero de compilaci versi de hms huawei mobile services vaya ajustes aplicaciones aplicaciones sn mero de serie del tel fono vaya ajustes acerca del tel fono estado mero de serie si no tenemos noticias suyas en horas cerraremos este ticket una vez cerrado el ticket tendremos que presentar un nuevo ticket para recibir s asistencia lo que puede causar retrasos en la resoluci del problema gracias por su comprensi si tiene alguna otra pregunta no dude en responder este lo de correo electr nico estaremos encantados de ayudarle resolver sus dudas atentamente team aspiegel se uma empresa constitu da segundo as leis da com sede em aspiegel se provedor de huawei mobile services para huawei honor propriet rios de dispositivos na outros pa ses appgallery problemas sugerencias descripci esta da ada la aplicaci un saludo informaci de contacto
22567,64199,44805.37708,support.pt@aspiegel.com,appgallery probleme și sugestii,would like to follow up on the case you raised on the date you have reported an issue in appgallery to proceed with the investigation would you please provide us with the following information description of the issue screenshot or record video of error when issue happened your huawei id app gallery hms core open then take screenshot your phone model sn number of your device app gallery version huawei app gallery me about hms core version huawei app gallery hms core open settings about related app related app version the log of app gallery if we do not hear from you wit hours we will close s ticket once the ticket is closed we will need to file new ticket to receive further assistance ch cause delays in resolving the issue for your understanding sincerely stela team irlanda aspiegel se provedor de huawei mobile services para huawei honor propriet rios de dispositivos na europa canad austr lia nova zel ndia outros pa ses appgallery probleme sugestii descriere actualizare informa ii despre ut ri facebook informa ii contact trimis de pe telefonul meu huawei,AppGallery &amp; Games / Suggestions &amp; Feedback,AppGallery &amp; Games ,Others,,,,,AppGallery &amp; Games ,appgallery probleme și sugestii would like to follow up on the case you raised on the date you have reported an issue in appgallery to proceed with the investigation would you please provide us with the following information description of the issue screenshot or record video of error when issue happened your huawei id app gallery hms core open then take screenshot your phone model sn number of your device app gallery version huawei app gallery me about hms core version huawei app gallery hms core open settings about related app related app version the log of app gallery if we do not hear from you wit hours we will close s ticket once the ticket is closed we will need to file new ticket to receive further assistance ch cause delays in resolving the issue for your understanding sincerely stela team irlanda aspiegel se provedor de huawei mobile services para huawei honor propriet rios de dispositivos na europa canad austr lia nova zel ndia outros pa ses appgallery probleme sugestii descriere actualizare informa ii despre ut ri facebook informa ii contact trimis de pe telefonul meu huawei
22555,64198,44805.375,support.pt@aspiegel.com,appgallery problems and suggestions,would like to follow up on the case you raised on the date you have reported an issue in appgallery to proceed with the investigation would you please provide us with the following information description of the issue screenshot or record video of error when issue happened your huawei id app gallery hms core open then take screenshot your phone model sn number of your device app gallery version huawei app gallery me about hms core version huawei app gallery hms core open settings about related app related app version the log of app gallery if we do not hear from you wit hours we will close s ticket once the ticket is closed we will need to file new ticket to receive further assistance ch cause delays in resolving the issue for your understanding sincerely stela team irlanda aspiegel se provedor de huawei mobile services para huawei honor propriet rios de dispositivos na europa canad austr lia nova zel ndia outros pa ses appgallery problems and suggestions description old version contact information sent from my phone,AppGallery &amp; Games / Suggestions &amp; Feedback,AppGallery &amp; Games ,Others,,,,,AppGallery &amp; Games ,appgallery problems and suggestions would like to follow up on the case you raised on the date you have reported an issue in appgallery to proceed with the investigation would you please provide us with the following information description of the issue screenshot or record video of error when issue happened your huawei id app gallery hms core open then take screenshot your phone model sn number of your device app gallery version huawei app gallery me about hms core version huawei app gallery hms core open settings about related app related app version the log of app gallery if we do not hear from you wit hours we will close s ticket once the ticket is closed we will need to file new ticket to receive further assistance ch cause delays in resolving the issue for your understanding sincerely stela team irlanda aspiegel se provedor de huawei mobile services para huawei honor propriet rios de dispositivos na europa canad austr lia nova zel ndia outros pa ses appgallery problems and suggestions description old version contact information sent from my phone
23119,64738,,support.pt@aspiegel.com,re.: aspiegel support issue submit,ver aventura no mar foi em contas este segunda conta veja os hor rios enviado do meu telem vel mensagem original de data sexta feira de setembro de para assunto team irlanda aspiegel se provedor de huawei mobile services para huawei honor propriet rios de dispositivos na europa canad austr lia nova zel ndia outros pa ses aspiegel support issue submit product appgallery games requests using appgallery e manage service country contact full name micaela phone number contact email address huawei id account summary of the issue ganhei huawei bands no jogo de ver descarrega ganha como as vou receber home news events products partners support copyright aspiegel se,Campaign_Outbound_Request,AppGallery &amp; Games ,Problem/Fault,Coupon/Gifts/Points Issues,Cooperated campaign issue,,,AppGallery &amp; Games ,re.: aspiegel support issue submit ver aventura no mar foi em contas este segunda conta veja os hor rios enviado do meu telem vel mensagem original de data sexta feira de setembro de para assunto team irlanda aspiegel se provedor de huawei mobile services para huawei honor propriet rios de dispositivos na europa canad austr lia nova zel ndia outros pa ses aspiegel support issue submit product appgallery games requests using appgallery e manage service country contact full name micaela phone number contact email address huawei id account summary of the issue ganhei huawei bands no jogo de ver descarrega ganha como as vou receber home news events products partners support copyright aspiegel se
